name;id;url;promo_price;regular_price;manufacturer
Вода Легенда гор Архыз негазированная, 5л;573521;/products/gazirovannaya-legenda-gor-arhyz-5l;84.9;115;ЛЕГЕНДА ГОР АРХЫЗ
Вода Черноголовка природная негазированная, 5л;92957;/products/chernogolovskaya-bez-gaza-5l;89.9;105;ЧЕРНОГОЛОВКА
Вода Шишкин лес питьевая негазированная, 5л;92592;/products/shishkin-les-negazirovannaya-5l;115;115;ШИШКИН ЛЕС
Вода Святой Источник негазированная, 5л;125788;/products/art-423013;102.9;135;СВЯТОЙ ИСТОЧНИК
Вода Borjomi природная минеральная газированная стекло, 500мл;139174;/products/borjomi-gazirovannaya-steklo-05-l;104.9;143;BORJOMI
Вода Baikal430 Байкальская глубинная вода негазированная, 450мл;528852;/products/baikal-430-bajkalskaya-glubinnaya-negazirovannaya-045-l-653766;67.9;67.9;BAIKAL430
Вода Псыж газированная, 1л;575038;/products/art-91738;44.9;56.9;ПСЫЖ
Вода Святой Источник газированная, 1.5л;143139;/products/svyatoj-istochnik-gazirovannaya-15l-473977;44.9;54.9;СВЯТОЙ ИСТОЧНИК
Вода Святой Источник негазированная, 500мл;174593;/products/svyatoj-istochnik-negazirovannaya-05-l-473978;37.49;37.49;СВЯТОЙ ИСТОЧНИК
Вода Святой Источник негазированная, 1.5л;128238;/products/svyatoj-istochnik-negazirovannaya-15l-473976;44.9;54.9;СВЯТОЙ ИСТОЧНИК
Вода Baikal430 Байкальская глубинная вода негазированная, 850мл x 6 шт;581706;/products/baikal-430-bajkalskaya-glubinnaya-negazirovannaya-085-l;539.4;624;BAIKAL430
Вода Borjomi природная минеральная газированная, 1.25л;554228;/products/mineralnaya-borzhomi-pet-125l;154.9;171;BORJOMI
Вода питьевая Сенежская негазированная, 1.5л;113122;/products/senezhskaya-bez-gaza-15l;32.9;39.49;СЕНЕЖСКАЯ
Вода Рычал-Су минеральная газированная, 1л;154826;/products/rychal-su-1-l-461346;88.9;88.9;РЫЧАЛ-СУ
Вода Святой Источник негазированная, 330мл;205584;/products/svyatoj-istochnik-negazirovannaya-033-l-456829;27.9;27.9;СВЯТОЙ ИСТОЧНИК
Вода Baikal430 Байкальская глубинная вода негазированная, 850мл;575028;/products/voda-baikal-430-bajkalskaya-glubinnaya-voda-negazirovannaya-085-l;89.9;105;BAIKAL430
Вода Сенежская питьевая негазированная, 500мл;156410;/products/senezhskaya-negazirovannaya-05-l;28.49;28.49;СЕНЕЖСКАЯ
Вода Черноголовка питьевая негазированная, 19л;453522;/products/chernogolovskaya-stolovaya-negazirovannaya-19l;449;449;ЧЕРНОГОЛОВКА
Вода Donat Mg минеральная природная лечебная газированная, 1л;160713;/products/donat-mg-lechebno-stolovaya-prirodnoj-gazacii-1l;287;287;DONAT
Вода BonaAqua негазированная, 500мл;147264751;/products/05l-voda-bona-aqua-bg-pet-200957;42.9;58.9;BONAAQUA
Вода Рычал-Су минеральная газированная, 500мл;168421;/products/rychal-su-05-l-461345;79.9;89.9;РЫЧАЛ-СУ
Вода Evian негазированная, 1.5л;183654;/products/evian-stolovaya-pityevaya-negazirovannaya-15l-437963;261;261;EVIAN
Вода Tassay питьевая негазированная, 500мл;419814;/products/tassay-negazirovannaya-pet-05-l;51.9;51.9;TASSAY
Вода Tassay питьевая негазированная, 1.5л;419994;/products/tassay-bez-gaza-15l;52.9;78.9;TASSAY
Вода Baikal430 глубинная негазированная, 5л;605702;/products/5l-baikal430-glubinnaya-b-g-pet-117721;439;439;BAIKAL430
Вода Borjomi природная минеральная газированная, 500мл;173124;/products/borjomi-lechebno-stolovaya-gazirovannaya-12h05-l;109;109;BORJOMI
Вода Legend of Baikal негазированная, 750мл;637490;/products/075-l-legend-of-baikal-st-n-g-125700;119;136;LEGEND OF BAIKAL
Вода детская Святой Источник Спортик негазированная, 330мл;121421;/products/svyatoj-istochnik-sportik-033-l-482548;28.9;36.91;СВЯТОЙ ИСТОЧНИК
Вода Легенда гор Архыз негазированная, 1.5л;573847;/products/bez-gaza-legenda-gor-arhyz-15l;46.9;62.9;ЛЕГЕНДА ГОР АРХЫЗ
Вода питьевая Сенежская газированная, 1.5л;116061;/products/senezhskaya-gazirovannaya-15l-474021;32.9;39.49;СЕНЕЖСКАЯ
aro Вода питьевая негазированная, 19л;481314;/products/aro-pet-19l;399;399;ARO
Вода Nestle Pure Life артезианская негазированная, 500мл;186214;/products/nestle-pure-life-negazirovannaya-05-l;32.9;41.9;NESTLE
Вода Черноголовка негазированная, 2.5л;461623;/products/chernogolovka-stolovaya-negazirovannaya-25l;63.9;63.9;ЧЕРНОГОЛОВКА
Вода Mever природная минеральная негазированная, 500мл;481809;/products/negazirovannaya-v-stekle-mever-05-l;60.9;70.9;MEVER
Вода Шишкин лес питьевая негазированная, 18.9л;609518;/products/189l-shishkin-les-b-g;539;539;ШИШКИН ЛЕС
Вода Мтаби Нагутская-26 минеральная газированная, 1.25л;495640;/products/mtabi-nagutskaya-26-i-125l;69.9;82.9;МТАБИ
Вода Легенда гор Архыз негазированная, 500мл;403508573;/products/05l-voda-legenda-gor-arhyz-bg-pet-210560;30.9;41.99;ЛЕГЕНДА ГОР АРХЫЗ
Вода Aqua Minerale питьевая негазированная, 5л;93295;/products/aqua-minerale-stolovaya-negazirovannaya-5l-75629;149;157;AQUA MINERALE
Вода Калинов Родник негазированная, 500мл;373299;/products/negazirovannaya-kalinov-rodnik-gidrokarbonatnaya-magnievo-kalcievaya-05-l;22.9;28.49;КАЛИНОВ РОДНИК
Вода Borjomi природная минеральная газированная, 330мл;490117;/products/mineralnaya-borjomi-v-zheleznoj-banke-12-033-l;69.9;89.9;BORJOMI
Вода Aqua Minerale питьевая негазированная, 500мл;538055;/products/art-31187;49.9;54.9;AQUA MINERALE
Вода детская Святой Источник Светлячок негазированная 0+, 1.5л;456420;/products/svyatoj-istochnik-svetlyachok-bez-gaza-15l;55.9;55.9;СВЯТОЙ ИСТОЧНИК
Вода BonaAqua негазированная, 5л;149947101;/products/5l-voda-bona-aqua-bg-pet-200973;130;130;BONAAQUA
Вода Nestle Pure Life питьевая артезианская негазированная, 2л;140943;/products/nestle-negazirovannaya-pure-life-2l;74.9;74.9;NESTLE
Вода Borjomi природная минеральная газированная, 750мл;213273;/products/borjomi-lechebno-stolovaya-gazirovannaya-6h075-l;151;151;BORJOMI
Вода Aqua Minerale питьевая негазированная, 2л;130855;/products/art-451327;79.9;89.9;AQUA MINERALE
Вода Легенда гор Архыз газированная, 1.5л;573483;/products/gazirovannaya-legenda-gor-arhyz-15l;46.9;62.9;ЛЕГЕНДА ГОР АРХЫЗ
Вода Архыз газированная, 1.5л;162126;/products/arhyz-gazirovannaya-15l-464845;55.99;55.99;АРХЫЗ
Вода Набеглави минеральная лечебно-столовая природная газированная, 500мл;554417;/products/mineralnaya-nabeglavi-v-steklyannoj-butylke-05-l;93.9;93.9;НАБЕГЛАВИ
RIOBA Вода негазированная, 330мл;414606;/products/rioba-negazirovannaya-033-l;53.9;53.9;RIOBA
Вода Архыз Vita негазированная, 1.5л;110284;/products/arhyz-negazirovannaya-15l;55.9;55.9;АРХЫЗ
Вода Калинов Родник питьевая негазированная, 18.9л;556721;/products/kalinov-rodnik-189l;439;439;КАЛИНОВ РОДНИК
Вода Калинов Родник негазированная, 9л;99477;/products/kalinov-rodnik-artezanskaya-negazirovannaya-9-l;157;157;КАЛИНОВ РОДНИК
Вода Baikal Reserve минеральная лечебно-столовая природная газированная, 530мл;392807;/products/bajkal-rezerv-mineralnaya-gazirovannaya-053-l-549455;144;144;BAIKAL RESERVE
Напиток Borjomi Flavored с экстрактами цитрусов и корня имбиря газированный, 330мл;584993;/products/napitok-borjomi-flavored-water-citrusovyj-miks-imbir-bez-sahara-330-ml-111721;64.9;95.9;BORJOMI
Вода Аштау газированная, 1.5л;532603;/products/ashtau-gazirovannaya-pet-15l;69.9;79.9;АШТАУ
Вода Stelmas Mg минеральная лечебно-столовая газированная, 1л;511340;/products/mineralnaya-stemals-gazirovannaya-1-l;85.9;85.9;STELMAS
Вода Черноголовка негазированная, 500мл;557210;/products/art-40828;28.49;28.49;ЧЕРНОГОЛОВКА
Вода Stelmas O2 негазированная, 1.5л;247118;/products/stelmas-o2-negazirovannaya-15l;39.9;54.9;STELMAS
Вода Aqua Minerale питьевая газированная, 2л;176557;/products/aqua-minerale-gazirovannaya-2l;79.9;89.9;AQUA MINERALE
Вода Шишкин лес питьевая негазированная 1.75л;146215;/products/shishkin-les-negazirovannaya-175l-473582;61.9;61.9;ШИШКИН ЛЕС
Вода детская Святой Источник Светлячок негазированная 0+, 5л;448991;/products/voda-dlya-detej-svyatoj-istochnik-svetlyachok-pet-5-l;127;127;СВЯТОЙ ИСТОЧНИК
Вода Baikal Pearl негазированная, 1л;563657;/products/zhemchuzhina-bajkala-baikal-pearl-negazirovannaya-1l-70725;118;118;BAIKAL PEARL
Вода Сенежская питьевая негазированная, 330мл;408671;/products/mineralnaya-senezhskaya-negazirovannaya-033-l;20.5;20.5;СЕНЕЖСКАЯ
Вода San Benedetto минеральная негазированная, 1.5л;217688;/products/sanbenedetto-stolovaya-pityevaya-negazirovannaya-15l;261;261;SAN BENEDETTO
Вода Калинов Родник питьевая негазированная, 6л;372936;/products/kalinov-rodnik-artezianskaya-negazirovannaya-6l;99.9;99.9;КАЛИНОВ РОДНИК
Вода питьевая Сенежская негазированная, 5л;214164;/products/senezhskaya-mineralnaya-negazirovannaya-5l;103;103;СЕНЕЖСКАЯ
Вода Mever природная минеральная негазированная, 1.5л;558750;/products/mever-bez-gaza-15l;46.9;73.9;MEVER
aro Вода питьевая негазированная, 5л;93473;/products/aro-negazirovannaya-5l;60.9;60.9;ARO
Вода минеральные San Pellegrino газированная, 1л;537537559;/products/1l-min-voda-san-pellegrino-gaz-pet-216455;273;273;SAN PELLEGRINO
Вода Набеглави минеральная лечебно-столовая природная газированная, 1л;554543;/products/mineralnaya-nabeglavi-1-l-17663;116;116;НАБЕГЛАВИ
Вода Aqua Minerale питьевая газированная, 1л;462877;/products/mineralnaya-aqua-minerale-gazirovannaya-1l;59.9;64.9;AQUA MINERALE
Вода Святой Источник газированная, 500мл;150372;/products/svyatoj-istochnik-gazirovannaya-05-l-457299;37.49;37.49;СВЯТОЙ ИСТОЧНИК
Вода Legend of Baikal питьевая негазированная, 500мл;572351;/products/bez-gaza-legendy-bajkala-steklo-05-l-89093;118;118;LEGEND OF BAIKAL
Вода Шишкин лес питьевая негазированная, 1л;207932;/products/art-227350;50.9;50.9;ШИШКИН ЛЕС
Вода Borjomi природная минеральная газированная стекло, 330мл;118069;/products/borjomi-gazirovannaya-steklo-033-l;128;128;BORJOMI
Вода Святой Источник негазированная, 1л;212587;/products/pityevaya-svyatoj-istochnik-negazirovannaya-1-l;49.49;49.49;СВЯТОЙ ИСТОЧНИК
Вода Сенежская питьевая негазированная, 1л;538094;/products/art-59063;43;43;СЕНЕЖСКАЯ
Вода Evian негазированная, 330мл;192362;/products/evian-033-l;142;142;EVIAN
Вода Мтаби минеральная лечебно-столовая газированная, 450мл;594465;/products/045-l-min-voda-mtabi-st-113158;59.9;68.9;МТАБИ
Вода BonaAqua газированная, 500мл;147264756;/products/05l-voda-bona-aqua-gaz-pet-200959;42.9;58.9;BONAAQUA
Вода San Benedetto негазированная, 330мл;595562721;/products/033l-voda-san-benedetto-bg-pet-223603;79.9;109;SAN BENEDETTO
Вода BonaAqua негазированная, 330мл;147264741;/products/033l-voda-bona-aqua-bg-st;64.9;76.99;BONAAQUA
Вода питьевая Шишкин лес Спорт негазированная, 1л;194654;/products/shishkin-les-sport-1l;44.9;63.9;ШИШКИН ЛЕС
Вода детская Калинов Родничок негазированная, 330мл;624927;/products/033-l-kalinov-rodnichok-b-g-pet-122060;26.9;33.99;КАЛИНОВ РОДНИЧОК
Вода Шишкин лес питьевая негазированная, 400мл;218113;/products/negazirovannaya-shishkin-les-04-l-480658;37.99;37.99;ШИШКИН ЛЕС
Вода минеральная Kobi газированная, 500мл;605020008;/products/voda-mineralnaya-kobi-gazirovannaya-500ml-234653;80.9;105;KOBI
Вода Baikal Pearl негазированная, 250мл;530877010;/products/025l-voda-zhemchuzhina-baykala-bg-st-215218;79.9;103;BAIKAL PEARL
Вода детская Черноголовка Baby негазированная, 330мл;612850;/products/chernogolovka-baby-pet-033-l-119101;29.99;29.99;ЧЕРНОГОЛОВКА
Вода San Benedetto минеральная газированная, 750мл;104835;/products/sanbenedetto-stolovaya-pityevaya-gazirovannaya-075-l;349;349;SAN BENEDETTO
Вода детская Святой Источник Светлячок негазированная 0+, 330мл;553306;/products/svetlyachok-svyatoj-istochnik-033-l-pet;36.49;36.49;СВЯТОЙ ИСТОЧНИК
Вода Бжни минеральная газированная, 1л;125131;/products/bzhni-1l-456949;114;114;БЖНИ
Вода Tassay питьевая газированная, 1.5л;419563;/products/tassay-prirodnaya-gazirovannaya-pet-15l;52.9;78.9;TASSAY
Вода Легенда гор Архыз газированная, 500мл;403307493;/products/05l-voda-legenda-gor-arhyz-gaz-pet-210563;30.9;41.99;ЛЕГЕНДА ГОР АРХЫЗ
Вода Aqua Minerale питьевая негазированная, 1л;463819;/products/bez-gaza-aqua-1-l;59.99;64.9;AQUA MINERALE
Вода Новотерская питьевая негазированная, 5л;118358;/products/novoterskaya-pityevaya-negazirovannaya-5l;142;142;НОВОТЕРСКАЯ
Вода Аштау минеральная газированная, 500мл;529535;/products/mineralnaya-ash-tau-gazirovannaya-05-l;62.9;74.9;АШТАУ
Вода San Bernardo негазированная, 1.5л;596814;/products/15l-voda-san-bernardo-b-g-pet-116427;257;257;SAN BERNARDO
Вода Святой Источник Sport негазированная, 750мл;236685;/products/pityevaya-svyatoj-istochnik-sport-negazirovannaya-pet-075-l;50.9;50.9;СВЯТОЙ ИСТОЧНИК
Вода питьевая Шишкин лес газированная, 1л;109410;/products/shishkin-les-gazirovannaya-1-l-473584;50.9;50.9;ШИШКИН ЛЕС
Вода Сенежская питьевая газированная, 500мл;216627;/products/senezhskaya-gazirovannaya-05-l;28.49;28.49;СЕНЕЖСКАЯ
Вода Липецкая негазированная, 5л;99293;/products/5l-lipeckaya;94;94;ЛИПЕЦКАЯ
Вода Aqua Minerale питьевая газированная, 500мл;537887;/products/art-31188;49.9;54.9;AQUA MINERALE
Вода Калинов Родник газированная, 500мл;372990;/products/art-533437;22.9;28.49;КАЛИНОВ РОДНИК
Вода Tassay питьевая негазированная, 1л;420201;/products/tassay-negazirovannaya-1-l;49.9;63.9;TASSAY
Вода BonaAqua газированная, 1л;147264761;/products/1l-voda-bona-aqua-gaz-pet-200971;59.9;73.9;BONAAQUA
Вода San Benedetto минеральная газированная, 1.5л;106498;/products/sanbenedetto-stolovaya-pityevaya-gazirovannaya-15l;261;261;SAN BENEDETTO
Вода детская Сенежская Малютка негазированная, 5л;605555775;/products/voda-senezhskaya-malyutka-5l;89.9;129;СЕНЕЖСКАЯ
Вода Mivela Mg++ минеральная лечебно-столовая газированная, 1л;177528954;/products/1l-min-voda-mivela-lechebno-stolovaya-gaz-202834;186;186;MIVELA MG++
Вода Липецкая Лайт негазированная, 1.5л;573553;/products/voda-lipeckaya-rosinka-lajt-negazirovannaya-15l;37.9;44.99;ЛИПЕЦКАЯ
Вода Святой Источник газированная, 1л;554691;/products/svyatoj-istochnik-gazirovannaya-pet-1l;49.49;49.49;СВЯТОЙ ИСТОЧНИК
Напиток Borjomi Flavored с ароматом дикой земляники и экстрактом артемизии газированный, 330мл;585106;/products/napitok-borjomi-flavored-water-zemdyanika-travy-bez-sahara-330-ml;64.9;95.9;BORJOMI
Вода Legend of Baikal газированная, 750мл;637900;/products/075-l-legend-of-baikal-st-gaz-125693;119;136;LEGEND OF BAIKAL
Вода Sairme родниковая негазированная, 500мл;246426;/products/sairme-rodnikovaya-negazirovannaya-05-l;122;122;SAIRME
Вода Святой Источник негазированная лимон, 1.5л;642415;/products/svyatoj-istochnik-negazirovannaya-limon-15l;74.9;82.9;СВЯТОЙ ИСТОЧНИК
Вода Шишкин лес негазированная спорт, 400мл;184480;/products/shishkin-les-sport-negazirovannaya-04-l;31.9;47.5;ШИШКИН ЛЕС
Вода Sairme Родники негазированная, 1л;655441;/products/1l-sairme-rodniki-b-g-pet-131481;91.9;91.9;SAIRME
Вода Эдельвейс минеральная газированная, 1.5л;142040;/products/edelvejs-gazirovannaya-15l-473979;53.9;53.9;ЭДЕЛЬВЕЙС
Вода Калинов Родник негазированная, 1.5л;122550;/products/kalinov-rodnik-negazirovannaya-15l;32.9;41.5;КАЛИНОВ РОДНИК
Вода Tassay питьевая газированная, 500мл;420179;/products/tassay-gazirovannaya-pet-05-l;51.9;51.9;TASSAY
Вода Черноголовка газированная, 1.5л;450744;/products/art-566304;43.49;43.49;ЧЕРНОГОЛОВКА
Вода минеральная Набеглави газированная, 500мл;604906885;/products/voda-mineralnaya-nabeglavi-gazirovannaya-500ml;64.9;85.9;НАБЕГЛАВИ
Вода Липецкая минеральная столовая газированная, 1.5л;574184;/products/mineralnaya-lipeckaya-rosinka-gazirovannaya-15l;37.9;44.99;ЛИПЕЦКАЯ
Вода Edis газированная, 500мл;321643802;/products/05l-voda-edis-gaz-st-208549;155;155;EDIS
RIOBA Вода газированная, 330мл;414688;/products/art-568824;53.9;53.9;RIOBA
Вода Gletcher природная негазированная, 500мл;217795021;/products/05l-voda-prirodnaya-pitevaya-gletcher-negaz-pet-203705;119;119;GLETCHER
Вода детская Черноголовка Бейби негазированная, 2.5л;649550;/products/loson-nivea-sun-uvlazhnyayuschij-posle-zagara-s-aloe-vera-200ml;88.9;88.9;ЧЕРНОГОЛОВКА
Вода Legend of Baikal питьевая газированная, 500мл;636374;/products/gazirovannaya-legend-of-baikal-steklo-05-l-125533;118;118;LEGEND OF BAIKAL
Вода Baikal Pearl негазированная, 530мл;6694025;/products/zhemchuzhina-bajkala-negazirovannaya-530ml;139;139;BAIKAL PEARL
Вода Kobi минеральная газированная, 500мл;800143;/products/voda-mineralnaya-kobi-500ml-133366;64.9;83.9;KOBI
Вода San Benedetto минеральная негазированная, 750мл;106835;/products/sanbenedetto-stolovaya-pityevaya-negazirovannaya-075-l;349;349;SAN BENEDETTO
Вода Калинов Родник газированная, 1.5л;137541;/products/kalinov-rodnik-gazirovannaya-v-upakovke-6h15l;32.9;41.5;КАЛИНОВ РОДНИК
Вода Калинов Родник для кулера негазированная, 9л;643784;/products/kalinov-rodnik-9l;167;167;КАЛИНОВ РОДНИК
Вода Stelmas минеральная природная столовая негазированная, 1.5л;596543;/products/15l-voda-stelmas-b-g-pet-115956;49.99;49.99;STELMAS
Вода детская Калинов Родничок негазированная с 0 месяцев, 6л;398713;/products/kalinov-rodnichok-detskaya-6l;109;109;КАЛИНОВ РОДНИЧОК
Вода Липецкая Росинка Лайт со вкусом лимона и лайма газированная, 1.5л;569732;/products/voda-gazirovannaya-limon-lajm-v-pet-lipeckaya-rosinka-15l-84869;54.9;59.9;ЛИПЕЦКАЯ РОСИНКА
aro Вода негазированная, 1.5л;190603;/products/aro-negazirovanaya-15l;31.99;31.99;ARO
Вода Tassay питьевая негазированная, 500мл;473782;/products/tassay-negazirovannaya-st-b-05-l;102;102;TASSAY
Вода минеральная Perrier газированная, 1л;607484701;/products/voda-mineralnaya-perrier-gazirovannaya-1l;269;269;PERRIER
Вода Липецкая Росинка Лайт со вкусом вишни газированная, 1.5л;569724;/products/voda-gazirovannaya-vishnya-v-pet-lipeckaya-rosinka-15l-84866;54.9;59.9;ЛИПЕЦКАЯ РОСИНКА
Вода Шишкин лес спорт негазированная, 650мл;608972;/products/065-l-shishkin-les-sport-b-g-118083;49.49;49.49;ШИШКИН ЛЕС
Вода минеральная Sanpellegrino газированная, 750мл;607845523;/products/075l-voda-min-sanpellegrino-gaz-st-244013;289;289;SANPELLEGRINO
Вода детская Черноголовка негазированная, 1.5л;451425;/products/art-566299;45.49;45.49;ЧЕРНОГОЛОВКА
Напиток Borjomi Flavored с ароматами вишни и граната газированный, 330мл;584990;/products/napitok-borjomi-flavored-water-vishnya-granat-bez-sahara-330-ml;64.9;95.9;BORJOMI
Вода Aqua Russa негазированная, 500мл;414321;/products/aqua-russa-negazirovannaya-05-l;94.9;94.9;AQUA RUSSA
Вода минеральная Perrier газированная, 750мл;607484586;/products/voda-mineralnaya-perrier-gazirovannaya-750ml;299;299;PERRIER
aro Вода питьевая газированная, 1.5л;149538;/products/aro-gazirovannaya-15l;31.99;31.99;ARO
Вода San Benedetto газированная, 330мл;595562711;/products/033l-voda-san-benedetto-gaz-pet-223612;79.9;109;SAN BENEDETTO
Вода Сенежская негазированная, 3л;454872711;/products/3l-voda-senezhskaya-bg-pet-212946;62.9;62.9;СЕНЕЖСКАЯ
Вода Черноголовка минеральная газированная, 500мл;597792;/products/05-l-min-chernogolovka-gaz-pet-117611;28.9;28.9;ЧЕРНОГОЛОВКА
Вода Байкальская питьевая негазированная, 500мл;594415;/products/05-l-voda-bajkalskaya-n-g-prirpit;54.9;54.9;БАЙКАЛЬСКАЯ
Вода Аштау минеральная Скважина 6-к природная газированная, 1л;484137391;/products/1l-min-voda-ash-tau-skvazhina-6-k-prirodnaya-gaz-pet-213512;62.9;74.9;АШТАУ
Вода детская Fleur Alpine с рождения негазированная, 1л;304132671;/products/1l-voda-detskaya-pitevaya-fleur-alpin-s-rozhdeniya-pet-206023;222;222;FLEUR ALPINE
Вода Baikal Pearl без газа, 750мл;607470651;/products/075l-voda-zhemchuzhina-baykala-bg-st-241848;192;192;BAIKAL PEARL
Вода Святой Источник со вкусом персика негазированная, 1.5л;492086881;/products/15l-voda-svyatoy-istochnik-so-vkusom-persika-bg-pet-214958;74.9;82.9;СВЯТОЙ ИСТОЧНИК
Вода Fahrenheit негазированная, 1л;594140403;/products/1l-voda-fahrenheit-bg-pet-221433;79.9;118;FAHRENHEIT
Напиток соковый Святой Источник Цитрус газированный, 1.5л;607441287;/products/15l-sok-nap-svyatoy-istochnik-limontsitrus-gaz-pet;106;106;СВЯТОЙ ИСТОЧНИК
RIOBA Вода негазированная, 750мл;481116;/products/rioba-negazirovannaya-075-l;78.9;78.9;RIOBA
aro Вода минеральная питьевая газированная, 500мл;195240;/products/aro-mineralnaya-stolovaya-gazirovannaya-12h05-l;18.1;18.1;ARO
Вода BonaAqua негазированная, 1л;147349456;/products/1l-voda-bona-aqua-bg-pet;59.9;73.9;BONAAQUA
Вода Святой Источник негазированная клубника, 1.5л;642785;/products/svyatoj-istochnik-negazirovannaya-klubnika-15l;74.9;82.9;СВЯТОЙ ИСТОЧНИК
Вода Aqua Minerale Active питьевая цитрус негазированная, 500мл;568256;/products/mineralnaya-aqua-minerale-citrus-05-l;74.9;78.9;AQUA MINERALE
Вода Svetla негазированная, 1.5л;604924951;/products/voda-svetla-bez-gaza-15l;95.9;95.9;SVETLA
Вода Petroglyph минеральная природная столовая негазированная, 0.375л;591993527;/products/0375l-min-voda-petroglyph-prirod-stol-bg-st;96.9;96.9;PETROGLYPH
Напиток витаминный Lifeline арбуз-яблоко негазированный, 500мл;603218946;/products/05l-vit-nap-lifeline-arbuzyabloko-bg-pet-228614;67.9;67.9;LIFELINE
Вода Baikal Reserve газированная, 250мл;530877005;/products/025l-voda-baykal-rezerv-gaz-st-215216;79.9;103;BAIKAL RESERVE
Напиток витаминный Lifeline лимон негазированный, 500мл;603218951;/products/05l-vit-nap-lifeline-limon-bg-pet-228626;64.9;64.9;LIFELINE
Вода минеральная Сенежская питьевая негазированная, 750мл;454825176;/products/075l-voda-senezhskaya-bg-st-212937;85.9;85.9;СЕНЕЖСКАЯ
Вода Fahrenheit витаминная лимон-лайм негазированная, 500мл;454825231;/products/05l-voda-fahrenheit-vitamin-limonlaym-pet-212950;59.9;113;FAHRENHEIT
Вода San Bernardo Frizzante Premium природная газированная, 500мл;11974291;/products/05l-voda-san-bernardo-frizzante-premium-pet-138356;136;136;SAN BERNARDO
Вода минеральная Evian негазированная, 1л;607484651;/products/voda-mineralnaya-evian-negazirovannaya-1l;281;281;EVIAN
Напиток соковый Святой Источник Лесные ягоды газированный, 1.5л;607440067;/products/15l-sok-nap-svyatoy-istochnik-lesnye-yagody-gaz-pet;106;106;СВЯТОЙ ИСТОЧНИК
Вода Edis негазированная, 500мл;321643812;/products/05l-voda-edis-negaz-st-208638;155;155;EDIS
Вода Mever природная минеральная негазированная, 500мл;558719;/products/mever-bez-gaza-05-l;41.9;41.9;MEVER
Вода Святой Источник негазированная яблоко, 1.5л;642905;/products/svyatoj-istochnik-negazirovannaya-yabloko-15l;74.9;82.9;СВЯТОЙ ИСТОЧНИК
Вода San Bernardo газированная, 1.5л;596863;/products/15l-voda-san-bernardo-gaz-pet-116425;257;257;SAN BERNARDO
Вода минеральная Псыж газированная, 450мл;603829768;/products/045l-voda-psyzh-gaz-mineralnaya-pet-229731;37.99;37.99;ПСЫЖ
Вода минеральная Сенежская питьевая газированная, 750мл;454872701;/products/075l-voda-senezhskaya-gaz-st-212939;85.9;85.9;СЕНЕЖСКАЯ
Вода Липецкая Росинка минеральная газированная, 500мл;576334;/products/mineralnaya-lipeckaya-gazirovannaya-05-l;28.9;37.9;ЛИПЕЦКАЯ
Вода Edis газированная, 950мл;321643817;/products/095l-voda-edis-gaz-st-208641;219;219;EDIS
Вода минеральная Miss mineral detox газированная, 1л;604926296;/products/voda-mineralnaya-miss-mineral-detox-gazirovannaya-1l;110;110;MISS MINERAL DETOX
Вода Aqua Minerale черешня газированная, 1л;217794541;/products/1l-voda-aqua-minerale-chereshnya-gaz-pet-203024;99.9;105;AQUA MINERALE
Вода Rare минеральная кремнистая газированная, 800мл;172965594;/products/08l-voda-rare-mineralnaya-kremnistaya-gaz-st-202485;154;154;RARE
Вода Липецкая Росинка с соком тропических фруктов газированная, 1.5л;454825246;/products/15l-voda-lipetskaya-rosinka-s-sokom-trop-frukt-gaz-pet-213009;54.9;59.9;ЛИПЕЦКАЯ РОСИНКА
RIOBA Вода газированная, 750мл;481402;/products/rioba-gazirovannaya-075-l;78.9;78.9;RIOBA
Вода Stelmas Mg+ минеральная газированная, 500мл;574933;/products/stelmas-mg-pet-05-l;63.9;63.9;STELMAS
Вода Липецкая Росинка Лайт негазированная, 500мл;575419;/products/voda-lipeckaya-rosinka-lajt-05-l;28.9;37.9;ЛИПЕЦКАЯ РОСИНКА
Вода Baikal Reserve газированная, 750мл;607469731;/products/075l-voda-baikal-reserve-gaz-st-241846;191;191;BAIKAL RESERVE
Вода Сенежская лимон-мята газированная, 1л;604934632;/products/voda-senezhskaya-limon-myata-gazirovannaya-1l;54.9;54.9;СЕНЕЖСКАЯ
Вода Legend of Baikal лайм негазированная, 330мл;537469454;/products/033l-voda-legend-of-baikal-laym-bg-zhb-215855;79.9;98.9;LEGEND OF BAIKAL
Вода Святой Источник негазированная со вкусом лимона, 500мл;439624;/products/svyatoj-istochnik-limon-negazirovannaya-05-l;57.9;57.9;СВЯТОЙ ИСТОЧНИК
Вода Sairme минеральная лечебно-столовая газированная, 500мл;246172;/products/sairme-gazirovannaya-05-l;122;122;SAIRME
Вода Aqua Minerale Active цитрус негазированная, 1л;603829763;/products/1l-voda-aqua-minerale-active-tsitrus-pet-229680;107;107;AQUA MINERALE
Вода Aqua Minerale Fresh гранат газированная, 1л;603825704;/products/1l-voda-aqua-minerale-fresh-granat-gaz-pet-229291;99.9;105;AQUA MINERALE
Вода Биовита минеральная природная негазированная, 1.5л;213574;/products/pityevaya-biovita-15l;69.9;69.9;БИОВИТА
Вода Aqua Russa газированная, 500мл;415553;/products/aqua-russa-gazirovannaya-05-l;94.9;94.9;AQUA RUSSA
Напиток соковый Святой Источник Лесные ягоды газированный, 500мл;607439022;/products/05l-sok-nap-svyatoy-istochnik-lesnye-yagody-gaz-pet;76.9;76.9;СВЯТОЙ ИСТОЧНИК
Напиток соковый Святой Источник Цитрус газированный, 500мл;607440072;/products/05l-sok-nap-svyatoy-istochnik-limontsitrus-gaz-pet;76.9;76.9;СВЯТОЙ ИСТОЧНИК
Напиток Legend of Baikal Хвоя газированный, 330мл;608942186;/products/napitok-legend-of-baikal-hvoya-gazirovannyy-330ml;142;142;LEGEND OF BAIKAL
aro Вода лимон негазированная, 500мл;592070178;/products/05l-voda-aro-limon-bg-pet-218908;32.99;32.99;ARO
Вода Святой Источник со вкусом персика негазированная, 500мл;491927931;/products/05l-voda-svyatoy-istochnik-so-vkusom-persika-bg-pet-214946;57.9;57.9;СВЯТОЙ ИСТОЧНИК
Вода Legend of Baikal газированная, 500мл;608945801;/products/voda-legend-of-baikal-gazirovannaya-500ml;91.9;91.9;LEGEND OF BAIKAL
Вода Rare минеральная кремнистая газированная, 330мл;177528690;/products/033l-voda-rare-mineralnaya-kremnistaya-gaz-st-202481;111;111;RARE
Вода питьевая Сенежская Sport негазированная, 750мл;604936292;/products/voda-senezhskaya-sport-bez-gaza-750ml;49.99;49.99;СЕНЕЖСКАЯ
Вода Legend of Baikal малина негазированная, 330мл;537684894;/products/033l-voda-legend-of-baikal-malina-bg-zhb-215857;79.9;98.9;LEGEND OF BAIKAL
Напиток Aqua Minerale с соком Черешня газированный, 500мл;538371;/products/aqua-minerale-so-vkusom-chereshni-05-l-31182;74.9;78.9;AQUA MINERALE
Вода Святой Источник негазированная яблоко, 500мл;642575;/products/svyatoj-istochnik-negazirovannaya-yabloko-500ml;57.9;57.9;СВЯТОЙ ИСТОЧНИК
Вода Святой Источник негазированная клубника, 500мл;643390;/products/svyatoj-istochnik-negazirovannaya-klubnika-500ml;57.9;57.9;СВЯТОЙ ИСТОЧНИК
Напиток Legend of Baikal Хвоя газированный, 330мл x 12 шт;608943921;/products/033l-gaz-nap-legend-of-baikal-hvoya-zhb;1788;1788;LEGEND OF BAIKAL
Вода Aqua Minerale Fresh гранат газированная, 500мл;603825699;/products/05l-voda-aqua-minerale-fresh-granat-gaz-pet-229286;74.9;78.9;AQUA MINERALE
Вода Legend of Baikal газированная, 330мл;608942081;/products/voda-legend-of-baikal-gazirovannaya-330ml-246117;71.9;71.9;LEGEND OF BAIKAL
Вода минеральная Perrier газированная, 750мл x 12 шт;607484591;/products/075l-voda-min-perrier-gaz-st;3588;3588;PERRIER
Вода Gletcher природная негазированная, 500мл x 12 шт;217661101;/products/05l-voda-prirodnaya-pitevaya-gletcher-negaz-pet-203706;1500;1500;GLETCHER
Вода детская Stelmas негазированная, 1.5л;613248484;/products/15l-voda-detskaya-stelmas-bg-pet-247902;62.9;62.9;STELMAS
Вода Legend of Baikal газированная, 500мл x 12 шт;608942426;/products/05l-voda-legend-of-baikal-gaz-pet;1030.8;1030.8;LEGEND OF BAIKAL
Вода Архыз негазированная, 500мл;187278;/products/arhyz-negazirovannaya-05-l;38.49;38.49;АРХЫЗ
Вода BonaAqua газированная, 330мл;147264746;/products/033l-voda-bona-aqua-gaz-st-200953;64.9;76.99;BONAAQUA
Вода Baikal430 Байкальская глубинная вода негазированная, 450мл x 12 шт;528241;/products/art-653759;838.8;838.8;BAIKAL430
Вода Petroglyph минеральная природная столовая негазированная, 0.75л;591993537;/products/075l-min-voda-petroglyph-prirod-stol-bg-st-221275;123;123;PETROGLYPH
Вода минеральная Evian негазированная, 1л x 12 шт;607483671;/products/1l-voda-min-evian-pet;3108;3108;EVIAN
Вода San Bernardo Naturale Premium природная негазированная, 500мл;11974446;/products/05l-voda-san-bernardo-naturale-premium-pet-138358;136;136;SAN BERNARDO
Вода минеральная Mever газированная, 500мл;656086;/products/05-l-min-mever-gaz-st-131447;60.9;75.9;MEVER
Вода Edis негазированная, 950мл;321191597;/products/095l-voda-edis-negaz-st-208644;219;219;EDIS
Вода Fahrenheit негазированная, 500мл;454825241;/products/05l-voda-fahrenheit-bg-pet-212958;49.9;68.9;FAHRENHEIT
Вода Sairme Родники негазированная, 500мл;655871;/products/05-l-sairme-rodniki-b-g-pet-131467;54.9;54.9;SAIRME
Вода Fahrenheit витаминная лимон-лайм негазированная, 500мл x 9 шт;454825236;/products/05l-voda-fahrenheit-vitamin-limonlaym-pet-212955;539.1;981;FAHRENHEIT
Вода Baikal430 глубинная негазированная, 5л x 2 шт;604361;/products/5l-baikal430-glubinnaya-b-g-pet-117722;838;838;BAIKAL430
Напиток Borjomi Flavored с экстрактами лайма и кориандра газированный, 330мл;585102;/products/napitok-borjomi-flavored-water-lajm-koriandr-bez-sahara-330-ml;64.9;95.9;BORJOMI
Вода Petroglyph минеральная природная столовая негазированная, 0.375л x 12 шт;594140473;/products/0375l-min-voda-petroglyph-prirod-stol-bg-st-221270;1078.8;1078.8;PETROGLYPH
Вода Aqua Minerale питьевая негазированная, 260мл;379199;/products/aqua-minerale-bez-gaza-026-l-540361;139;139;AQUA MINERALE
Напиток витаминный Lifeline арбуз-яблоко негазированный, 500мл x 12 шт;603218511;/products/05l-vit-nap-lifeline-arbuzyabloko-bg-pet-228615;778.8;778.8;LIFELINE
Вода Sairme Родники негазированная, 1л x 6 шт;656056;/products/1l-sairme-rodniki-b-g-pet-131482;539.4;539.4;SAIRME
Вода Gletcher природная негазированная, 1.5л;217795025;/products/15l-voda-prirodnaya-pitevaya-gletcher-negaz-pet-203725;274;274;GLETCHER
Вода Legend of Baikal без газа, 330мл;608945446;/products/voda-legend-of-baikal-bez-gaza-330ml;71.9;71.9;LEGEND OF BAIKAL
Вода Chaokoh кокосовая негазированная, 350мл;172965582;/products/035l-kokosovaya-voda-chaokoh-zhb-202468;203;203;CHAOKOH
Вода San Benedetto минеральная газированная, 750мл x 12 шт;581582;/products/sanbenedetto-stolovaya-pityevaya-gazirovannaya-075-l-107662;3588;3588;SAN BENEDETTO
Вода Borjomi природная минеральная газированная, 500мл x 12 шт;108448;/products/borjomi-lechebno-stolovaya-gazirovannaya-05-l-h-12sht;1260;1260;BORJOMI
Вода минеральная Miss mineral detox газированная, 1л x 6 шт;604924956;/products/voda-mineralnaya-miss-mineral-detox-gazirovannaya-1l-x-6-sht;630;630;MISS MINERAL DETOX
Вода Черноголовка негазированная, 2.5л x 4 шт;581546;/products/voda-chernogolovka-negazirovannaya-25l;263.6;263.6;ЧЕРНОГОЛОВКА
Вода Архыз Vita негазированная, 1.5л x 6 шт;93276;/products/arhyz-negazirovannaya-15l-75126;335.4;335.4;АРХЫЗ
Напиток соковый Святой Источник Цитрус газированный, 1.5л х 6 шт;607439037;/products/napitok-sokovyy-svyatoy-istochnik-tsitrus-gazirovannyy-15l-h-6-sht;599.4;599.4;СВЯТОЙ ИСТОЧНИК
Вода Baikal Pearl без газа, 750мл x 15 шт;607470656;/products/075l-voda-zhemchuzhina-baykala-bg-st-241853;2835;2835;BAIKAL PEARL
Вода Святой Источник негазированная клубника, 1.5л x 6 шт;643410;/products/15l-svyatoj-istochnik-pet-negaz-klubnika;449.4;539.4;СВЯТОЙ ИСТОЧНИК
Вода Сенежская лимон-мята газированная, 1л x 6 шт;604937947;/products/voda-senezhskaya-limon-myata-gazirovannaya-1l-x-6-sht;329.4;329.4;СЕНЕЖСКАЯ
Вода детская Stelmas негазированная, 1.5л x 6 шт;613256299;/products/15l-voda-detskaya-stelmas-bg-pet-247904;377.39;377.39;STELMAS
Вода Aqua Russa газированная, 500мл x 12 шт;594830;/products/05-l-voda-akva-russa-gaz-st;886.8;886.8;AQUA RUSSA
Вода детская Черноголовка Baby негазированная, 330мл x 12 шт;612655;/products/chernogolovka-baby-pet-033-l-119102;365.88;365.88;ЧЕРНОГОЛОВКА
Вода Святой Источник негазированная, 5л x 2 шт;594335;/products/5l-voda-svyatoj-istochnik-b-g;205.8;258;СВЯТОЙ ИСТОЧНИК
Вода Stelmas минеральная природная столовая негазированная, 1.5л x 6 шт;596453;/products/15l-voda-stelmas-b-g-pet-115957;323.4;323.4;STELMAS
Вода Липецкая Росинка Лайт со вкусом лимона и лайма газированная, 1.5л x 6 шт;569285;/products/voda-gazirovannaya-limon-lajm-v-pet-lipeckaya-rosinka-15l;359.4;359.4;ЛИПЕЦКАЯ РОСИНКА
Вода минеральная Kobi газированная, 500мл x 12 шт;605021638;/products/voda-mineralnaya-kobi-gazirovannaya-500ml-x-12-sht-234654;970.8;1198.8;KOBI
Вода Черноголовка природная негазированная, 5л x 2 шт;581616;/products/chernogolovka-voda-prirodnaya-pityevaya-negazirovannaya-5l;218;218;ЧЕРНОГОЛОВКА
RIOBA Вода газированная, 750мл x 12 шт;583927;/products/voda-rioba-gazirovannaya-075-l;970.8;970.8;RIOBA
Вода Шишкин лес питьевая негазированная, 400мл x 12 шт;93220;/products/negazirovannaya-shishkin-les-04-l;454.8;454.8;ШИШКИН ЛЕС
Вода Borjomi природная минеральная газированная, 750мл x 6 шт;162039;/products/borjomi-lechebno-stolovaya-gazirovannaya-075ml-6-sht;804;804;BORJOMI
Вода Рычал-Су минеральная газированная, 500мл x 12 шт;172263;/products/rychal-su-steklo-05-l;814.8;1018.8;РЫЧАЛ-СУ
aro Вода питьевая газированная, 1.5л x 6 шт;93573;/products/aro-gazirovannaya-gost-15l;173.94;173.94;ARO
Вода Nestle Pure Life питьевая артезианская негазированная, 2л x 6 шт;196576;/products/nestle-pure-life-2l;491.4;491.4;NESTLE
Вода BonaAqua негазированная, 330мл x 12 шт;149947091;/products/033l-voda-bona-aqua-bg-st-200948;922.8;922.8;BONAAQUA
Вода Nestle Pure Life артезианская негазированная, 500мл x 12 шт;124066;/products/nestle-pure-life-artezianskaya-negazirovannaya-05-l;394.8;490.8;NESTLE
Вода Шишкин лес питьевая негазированная, 1л x 12 шт;85089;/products/shishkin-les-stolovaya-negazirovannaya-1l-h-12sht;574.8;574.8;ШИШКИН ЛЕС
Вода Borjomi природная минеральная газированная стекло, 500мл x 12 шт;207446;/products/borjomi-lechebno-stolovaya-gazirovannaya-05-l-h-12sht-457134;1258.8;1608;BORJOMI
Вода детская Fleur Alpine с рождения негазированная, 1л x 6 шт;304294481;/products/1l-voda-detskaya-pitevaya-fleur-alpin-s-rozhdeniya-pet-206024;1314.02;1314.02;FLEUR ALPINE
Вода Mever природная минеральная негазированная, 1.5л x 6 шт;558829;/products/mever-bez-gaza-pet-15l;281.4;389.4;MEVER
Вода San Bernardo негазированная, 1.5л x 6 шт;596833;/products/15l-voda-san-bernardo-b-g-pet-116428;1494;1494;SAN BERNARDO
Вода Legend of Baikal негазированная, 750мл x 6 шт;637040;/products/075-l-legend-of-baikal-st-n-g-125705;714;894;LEGEND OF BAIKAL
Вода San Benedetto минеральная негазированная, 750мл x 12 шт;595108;/products/075-l-min-voda-san-benedetto-b-g-st;3588;3588;SAN BENEDETTO
Напиток Borjomi Flavored с ароматами вишни и граната газированный, 330мл x 12 шт;584931;/products/napitok-borjomi-flavored-water-vishnya-granat-bez-sahara-330-ml-111730;778.8;1018.8;BORJOMI
Вода Липецкая Росинка минеральная газированная, 500мл x 12 шт;99295;/products/lipeckaya-gazirovannaya-05-l;346.8;473.88;ЛИПЕЦКАЯ
RIOBA Вода негазированная, 750мл x 12 шт;584034;/products/art-110971;970.8;970.8;RIOBA
Вода минеральные San Pellegrino газированная, 1л x 6 шт;537685294;/products/1l-min-voda-san-pellegrino-gaz-pet-216456;1494;1494;SAN PELLEGRINO
Вода Калинов Родник негазированная, 500мл x 12 шт;373044;/products/negazirovannaya-kalinov-rodnik-gidrokarbonatnaya-magnievo-kalcievaya-05-l-533436;274.8;341.88;КАЛИНОВ РОДНИК
Вода Черноголовка газированная, 1.5л x 6 шт;463411;/products/chernogolovskaya-stolovaya-gazirovannaya-15l-602451;260.94;260.94;ЧЕРНОГОЛОВКА
Вода Липецкая негазированная, 5л x 2 шт;595115;/products/5l-voda-lipeckaya;197.8;197.8;ЛИПЕЦКАЯ
Вода Шишкин лес негазированная спорт, 400мл х 12 шт;93221;/products/shishkin-les-sport-04-l;382.8;598.8;ШИШКИН ЛЕС
Вода минеральная Псыж газированная, 450мл x 12 шт;603826483;/products/045l-voda-psyzh-gaz-mineralnaya-pet-229732;478.8;478.8;ПСЫЖ
Вода питьевая Сенежская Sport негазированная, 750мл x 12 шт;604934627;/products/voda-senezhskaya-sport-bez-gaza-750ml-x-12-sht;586.8;586.8;СЕНЕЖСКАЯ
Вода Borjomi природная минеральная газированная, 330мл x 12 шт;490122;/products/art-624571;838.8;958.8;BORJOMI
Вода детская Святой Источник Светлячок негазированная 0+, 5л x 2 шт;581555;/products/voda-dlya-detej-svyatoj-istochnik-svetlyachok-pet-5-l-107519;272;272;СВЯТОЙ ИСТОЧНИК
Вода Borjomi природная минеральная газированная стекло, 330мл x 12 шт;103661;/products/borjomi-lechebno-stolovaya-gazirovannaya-033-l-h-12sht;1428;1428;BORJOMI
Вода BonaAqua газированная, 500мл x 24 шт;147349451;/products/05l-voda-bona-aqua-gaz-pet-200960;1341.5;;BONAAQUA
Вода Святой Источник негазированная, 330мл x 12 шт;93651;/products/svyatoj-istochnik-negazirovannaya-033-l;358.8;358.8;СВЯТОЙ ИСТОЧНИК
Вода Сенежская питьевая негазированная, 330мл x 12 шт;408179;/products/senezhskaya-stolovaya-pityevaya-prirodnaya-negazirovannaya-033-l-h-12sht;238.8;238.8;СЕНЕЖСКАЯ
Вода детская Святой Источник Светлячок негазированная 0+, 330мл x 12 шт;595024;/products/033-l-voda-sv-ist-svetlyachok-pet;418.8;418.8;СВЯТОЙ ИСТОЧНИК
Вода BonaAqua негазированная, 500мл x 24 шт;147349446;/products/05l-voda-bona-aqua-bg-pet-200958;1341.5;;BONAAQUA
Вода питьевая Шишкин лес газированная, 1л x 6 шт;115744;/products/shishkin-les-gazirovannaya-1-l;287.4;287.4;ШИШКИН ЛЕС
Вода Святой Источник газированная, 500мл x 12 шт;93650;/products/svyatoj-istochnik-gazirovannaya-05-l;478.8;478.8;СВЯТОЙ ИСТОЧНИК
Вода Rare минеральная кремнистая газированная, 800мл x 12 шт;171852325;/products/08l-voda-rare-mineralnaya-kremnistaya-gaz-st-202486;1668;1668;RARE
Вода Legend of Baikal малина негазированная, 330мл x 20 шт;537537049;/products/033l-voda-legend-of-baikal-malina-bg-zhb-215860;1597.99;1998;LEGEND OF BAIKAL
Вода Новотерская питьевая негазированная, 5л x 3 шт;594418;/products/5l-voda-novoterskaya-gorn-pet;432;432;НОВОТЕРСКАЯ
Вода Эдельвейс минеральная газированная, 1.5л x 6 шт;98342;/products/edelvejs-gazirovannaya-15l;323.4;323.4;ЭДЕЛЬВЕЙС
Вода Черноголовка минеральная газированная, 500мл x 12 шт;597708;/products/05-l-min-chernogolovka-gaz-pet-117612;298.8;298.8;ЧЕРНОГОЛОВКА
Вода Baikal Reserve газированная, 750мл x 15 шт;607470596;/products/075l-voda-baikal-reserve-gaz-st-241847;2835;2835;BAIKAL RESERVE
Вода питьевая Сенежская негазированная, 5л x 2 шт;595019;/products/5l-voda-senezhskaya-b-gaza-chajn;204;204;СЕНЕЖСКАЯ
Вода Rare минеральная кремнистая газированная, 330мл x 12 шт;172965590;/products/033l-voda-rare-mineralnaya-kremnistaya-gaz-st;1368;1368;RARE
Вода Святой Источник негазированная яблоко, 500мл x 12 шт;642820;/products/05-l-svyatoj-istochnik-pet-negaz-yabloko;682.8;682.8;СВЯТОЙ ИСТОЧНИК
Напиток соковый Святой Источник Лесные ягоды газированный, 500мл х 12 шт;607441277;/products/napitok-sokovyy-svyatoy-istochnik-lesnye-yagody-gazirovannyy-500ml-h-12-sht;838.8;838.8;СВЯТОЙ ИСТОЧНИК
Вода Sairme минеральная лечебно-столовая газированная, 500мл x 12 шт;246139;/products/sairm-gazirovannaya-05-l;1428;1428;SAIRME
RIOBA Вода негазированная, 330мл x 24 шт;414476;/products/rioba-mineralnaya-bez-gaza-033-l-h-24sht;1269.6;1269.6;RIOBA
Вода Edis газированная, 500мл x 12 шт;321643807;/products/05l-voda-edis-gaz-st-208622;1788;1788;EDIS
Вода Аштау газированная, 1.5л x 6 шт;408043;/products/ashtau-gazirovannaya-15l;479.4;479.4;АШТАУ
Вода Липецкая Росинка с соком тропических фруктов газированная, 1.5л x 6 шт;454825251;/products/15l-voda-lipetskaya-rosinka-s-sokom-trop-frukt-gaz-pet-213010;359.4;359.4;ЛИПЕЦКАЯ РОСИНКА
Вода Черноголовка негазированная, 330мл;101119314;/products/033l-voda-chernogolovka-bg-st-200158;41.9;51.9;ЧЕРНОГОЛОВКА
Вода детская Калинов Родничок негазированная, 330мл x 12 шт;626242;/products/033-l-kalinov-rodnichok-b-g-pet-122061;406.8;406.8;КАЛИНОВ РОДНИЧОК
Вода Святой Источник негазированная со вкусом лимона, 500мл x 12 шт;426799;/products/svyatoj-istochnik-limon-pet-05-l;682.8;682.8;СВЯТОЙ ИСТОЧНИК
Вода Aqua Minerale Active цитрус негазированная, 1л x 12 шт;603828228;/products/1l-voda-aqua-minerale-active-tsitrus-pet-229681;1198.8;1198.8;AQUA MINERALE
Вода Святой Источник негазированная, 500мл x 12 шт;93649;/products/svyatoj-istochnik-negazirovannaya-05-l;478.8;478.8;СВЯТОЙ ИСТОЧНИК
Вода питьевая Сенежская негазированная, 1.5л x 6 шт;98561;/products/senezhskaya-negazirovannaya-15l;197.4;239.4;СЕНЕЖСКАЯ
Вода детская Черноголовка негазированная, 1.5л x 6 шт;463234;/products/chernogolovskaya-stolovaya-pityevaya-negazirovannaya-15l-h-6sht;296.95;296.95;ЧЕРНОГОЛОВКА
Вода Калинов Родник газированная, 1.5л x 6 шт;191549;/products/kalinov-rodnik-prirodnayagazirovannaya-15l-h-6sht;197.4;248.94;КАЛИНОВ РОДНИК
Напиток соковый Святой Источник Цитрус газированный, 500мл х 12 шт;607439027;/products/napitok-sokovyy-svyatoy-istochnik-tsitrus-gazirovannyy-500ml-h-12-sht;838.8;838.8;СВЯТОЙ ИСТОЧНИК
Вода Kobi минеральная газированная, 500мл x 12 шт;800148;/products/05l-mineralnaya-voda-kobi-pet;778.8;958.8;KOBI
Вода детская Святой Источник Светлячок негазированная 0+, 1.5л х 6 шт;448915;/products/voda-dlya-detej-svyatoj-istochnik-svetlyachok-negazirovannaya-15l;353.4;353.4;СВЯТОЙ ИСТОЧНИК
Напиток Vitamin Well Awake малина негазированный, 500мл;638959;/products/vitamin-well-awake-malina-05-l-125924;221;221;VITAMIN WELL
Вода Легенда гор Архыз газированная, 500мл x 12 шт;403257388;/products/05l-voda-legenda-gor-arhyz-gaz-pet-210564;370.8;478.8;ЛЕГЕНДА ГОР АРХЫЗ
Вода Aqua Minerale питьевая газированная, 1л x 12 шт;463676;/products/aqua-stolovaya-pityevaya-gazirovannaya-1l-h-12sht;718.8;718.8;AQUA MINERALE
Вода Липецкая минеральная столовая газированная, 1.5л x 6 шт;99294;/products/lipeckaya-rosinka-gazirovannaya-15l;269.4;269.4;ЛИПЕЦКАЯ
Вода Donat Mg минеральная природная лечебная газированная, 1л x 6 шт;87305;/products/donat-mg-lechebno-stolovaya-prirodnoj-gazacii-1l-276771;1734;1734;DONAT
Вода детская Святой Источник Спортик негазированная, 330мл x 12 шт;414709;/products/art-279245;346.81;478.8;СВЯТОЙ ИСТОЧНИК
Вода питьевая Сенежская газированная, 1.5л х 6 шт;98558;/products/senezhskaya-gazirovannaya-15l;197.4;239.4;СЕНЕЖСКАЯ
Вода Baikal Reserve минеральная лечебно-столовая природная газированная, 530мл x 20 шт;389986;/products/art-546429;2780;2780;BAIKAL RESERVE
Вода Калинов Родник негазированная, 1.5л x 6 шт;192836;/products/kalinov-rodnik-prirodnaya-negazirovannaya-15l-h-6sht;197.4;248.94;КАЛИНОВ РОДНИК
Вода минеральная Sanpellegrino газированная, 750мл x 15 шт;607844793;/products/075l-voda-min-sanpellegrino-gaz-st-244016;3885;3885;SANPELLEGRINO
Вода Aqua Minerale питьевая негазированная, 2л x 6 шт;83944;/products/aqua-minerale-negazirovannaya-v-upakovke-6h2l;389.4;509.4;AQUA MINERALE
Вода Aqua Minerale питьевая негазированная, 5л x 4 шт;112268;/products/aqua-minerale-stolovaya-negazirovannaya-5l;596;596;AQUA MINERALE
Вода Архыз негазированная, 500мл x 12 шт;98064;/products/arhyz-stolovaya-pityevaya-negazirovannaya-05-l-h-12sht;485.88;485.88;АРХЫЗ
Вода Mever природная минеральная негазированная, 500мл x 12 шт;481776;/products/mever-bez-gaza-v-steklyannoj-butylke-05-l;838.8;838.8;MEVER
Вода Legend of Baikal газированная, 750мл x 6 шт;637340;/products/075-l-legend-of-baikal-st-gaz-125698;714;894;LEGEND OF BAIKAL
Вода Stelmas Mg+ минеральная газированная, 500мл x 12 шт;574925;/products/stelmas-mg-pet-05-l-91775;766.8;766.8;STELMAS
Вода Edis негазированная, 500мл x 12 шт;321567407;/products/05l-voda-edis-negaz-st-208640;1788;1788;EDIS
Вода Архыз газированная, 1.5л x 6 шт;93275;/products/arhyz-gazirovannaya-15l;335.4;335.4;АРХЫЗ
Вода San Bernardo Frizzante Premium природная газированная, 500мл x 24 шт;11974396;/products/05l-voda-san-bernardo-frizzante-premium-pet-138357;3336;3336;SAN BERNARDO
aro Вода минеральная питьевая газированная, 500мл x 12 шт;89000;/products/aro-mineralnaya-stolovaya-gazirovannaya-05-l-h-12sht;197.88;197.88;ARO
Вода Baikal Pearl негазированная, 530мл x 20 шт;6693855;/products/voda-zhemchuzhina-baykala-negazirovannaya-530ml;2780;2780;BAIKAL PEARL
Вода минеральная Perrier газированная, 1л x 12 шт;607484706;/products/voda-mineralnaya-perrier-gazirovannaya-1l-x-12-sht;3108;3108;PERRIER
Вода питьевая Шишкин лес Спорт негазированная, 1л x 12 шт;211370;/products/shishkin-les-stolovaya-negazirovannaya-sport-1l-h-12sht;538.8;790.8;ШИШКИН ЛЕС
Вода детская Сенежская Малютка негазированная, 5л x 2 шт;605555780;/products/voda-senezhskaya-malyutka-5l-x-2-sht;179.81;238;СЕНЕЖСКАЯ
Вода Stelmas Mg минеральная лечебно-столовая газированная, 1л x 6 шт;511030;/products/mineralnaya-stemals-gazirovannaya-1-l-310001;479.4;479.4;STELMAS
Вода Mever природная минеральная негазированная, 500мл x 12 шт;558675;/products/mever-bez-gaza-pet-05-l;550.8;550.8;MEVER
Напиток Borjomi Flavored с экстрактами цитрусов и корня имбиря газированный, 330мл x 12 шт;585064;/products/napitok-borjomi-flavored-water-citrusovyj-miks-imbir-bez-sahara-330-ml;778.8;1018.8;BORJOMI
Вода BonaAqua негазированная, 5л x 4 шт;147349501;/products/5l-voda-bona-aqua-bg-pet;528;528;BONAAQUA
Вода Mivela Mg++ минеральная лечебно-столовая газированная, 1л x 6 шт;177528958;/products/1l-min-voda-mivela-lechebno-stolovaya-gaz-202835;1110;1110;MIVELA MG++
Вода Aqua Russa негазированная, 500мл x 12 шт;594592;/products/05-l-voda-akva-russa-b-g-st;886.8;886.8;AQUA RUSSA
Вода Aqua Minerale питьевая негазированная, 260мл x 12 шт;379954;/products/mineralnaya-aqua-minerale-bez-gaza-026-l;1428;1428;AQUA MINERALE
Вода минеральная Набеглави газированная, 500мл x 12 шт;604906890;/products/05l-min-voda-nabeglavi-gaz-pet;778.8;1078.8;НАБЕГЛАВИ
Вода Черноголовка негазированная, 500мл x 12 шт;557275;/products/bez-gaza-chernogolovskaya-pet-05-l;322.81;322.81;ЧЕРНОГОЛОВКА
Вода Evian негазированная, 330мл x 24 шт;86883;/products/evian-stolovaya-pityevaya-negazirovannaya-033-l-h-24sht;3576;3576;EVIAN
Вода Sairme Родники негазированная, 500мл x 12 шт;655826;/products/05-l-sairme-rodniki-b-g-pet-131475;658.8;658.8;SAIRME
Вода Aqua Minerale питьевая газированная, 260мл;172145;/products/aqua-minerale-gazirovannaya-025-l;139;139;AQUA MINERALE
Вода Легенда гор Архыз негазированная, 1.5л x 6 шт;581784;/products/voda-bez-gaza-legenda-gor-arhyz-15l;281.4;359.4;ЛЕГЕНДА ГОР АРХЫЗ
Вода минеральная Сенежская питьевая негазированная, 750мл x 12 шт;454872696;/products/075l-voda-senezhskaya-bg-st-212938;1055.88;1055.88;СЕНЕЖСКАЯ
Вода Липецкая Лайт негазированная, 1.5л x 6 шт;228049;/products/lipeckaya-rosinka-15l;269.4;269.4;ЛИПЕЦКАЯ
Вода San Benedetto минеральная негазированная, 1.5л x 6 шт;594968;/products/15l-min-voda-san-benedetto-b-g-p;1614;1614;SAN BENEDETTO
Вода Svetla негазированная, 1.5л x 6 шт;604926281;/products/voda-svetla-bez-gaza-15l-x-6-sht;599.4;599.4;SVETLA
Вода San Bernardo Naturale Premium природная негазированная, 500мл x 24 шт;11974126;/products/05l-voda-san-bernardo-naturale-premium-pet-138360;3336;3336;SAN BERNARDO
Вода BonaAqua негазированная, 1л x 12 шт;149947096;/products/1l-voda-bona-aqua-bg-pet-200962;718.8;838.8;BONAAQUA
Напиток витаминный Lifeline лимон негазированный, 500мл x 12 шт;603218011;/products/05l-vit-nap-lifeline-limon-bg-pet-228651;778.8;778.8;LIFELINE
Вода Святой Источник со вкусом персика негазированная, 500мл x 12 шт;492111016;/products/05l-voda-svyatoy-istochnik-so-vkusom-persika-bg-pet-214957;682.8;682.8;СВЯТОЙ ИСТОЧНИК
Вода Черноголовка газированная, 330мл x 12 шт;101119374;/products/033l-voda-chernogolovka-gaz-st-200163;598.8;598.8;ЧЕРНОГОЛОВКА
Вода San Benedetto негазированная, 330мл x 24 шт;595561421;/products/033l-voda-san-benedetto-bg-pet-223607;1917.6;2397.6;SAN BENEDETTO
Вода Fahrenheit негазированная, 1л x 9 шт;594140443;/products/1l-voda-fahrenheit-bg-pet-221434;719.1;981;FAHRENHEIT
Вода Aqua Minerale питьевая негазированная, 1л x 12 шт;462712;/products/aqua-stolovaya-pityevaya-bez-gaza-1l-h-12sht;718.8;718.8;AQUA MINERALE
Вода Borjomi природная минеральная газированная, 1.25л x 6 шт;553434;/products/borjomi-mineralnaya-125l;929.4;1074;BORJOMI
Вода Псыж газированная, 1л x 6 шт;581699;/products/voda-gazirovannaya-psyzh-pet-1l;269.4;359.4;ПСЫЖ
Вода Сенежская питьевая негазированная, 500мл x 12 шт;85999;/products/senezhskaya-mineralnaya-negazirovannaya-05-l-h-12sht;322.8;322.8;СЕНЕЖСКАЯ
Вода Липецкая Росинка Лайт со вкусом вишни газированная, 1.5л x 6 шт;569399;/products/voda-gazirovannaya-vishnya-v-pet-lipeckaya-rosinka-15l;359.4;359.4;ЛИПЕЦКАЯ РОСИНКА
Вода Аштау минеральная Скважина 6-к природная газированная, 1л x 6 шт;483730556;/products/1l-min-voda-ash-tau-skvazhina-6-k-prirodnaya-gaz-pet-213513;449.4;449.4;АШТАУ
Вода San Benedetto минеральная газированная, 1.5л x 6 шт;595202;/products/15l-min-voda-san-benedetto-gaz-p;1614;1614;SAN BENEDETTO
Вода Черноголовка негазированная, 330мл x 12 шт;101119319;/products/033l-voda-chernogolovka-bg-st-200159;598.8;598.8;ЧЕРНОГОЛОВКА
Вода Сенежская питьевая газированная, 500мл x 12 шт;85958;/products/senezhskaya-mineralnaya-gazirovannaya-05-l-h-12sht;322.8;322.8;СЕНЕЖСКАЯ
Вода Рычал-Су минеральная газированная, 1л x 9 шт;98733;/products/rychal-su-1-l;854.1;854.1;РЫЧАЛ-СУ
Вода San Bernardo газированная, 1.5л x 6 шт;596935;/products/15l-voda-san-bernardo-gaz-pet-116426;1494;1494;SAN BERNARDO
Вода Sairme родниковая негазированная, 500мл x 12 шт;246440;/products/rodnikovaya-sairme-negazirovannaya-steklo-05-l;1428;1428;SAIRME
Вода Калинов Родник газированная, 500мл x 12 шт;515042;/products/kalinov-rodnik-gazirovannaya-05-l;274.8;341.88;КАЛИНОВ РОДНИК
Вода Святой Источник газированная, 1л x 6 шт;553388;/products/svyatoj-istochnik-gazirovannaya-pet-1l-858;299.4;299.4;СВЯТОЙ ИСТОЧНИК
Вода Биовита минеральная природная негазированная, 1.5л x 6 шт;168012;/products/biovita-15l;407.4;407.4;БИОВИТА
Вода Легенда гор Архыз газированная, 1.5л x 6 шт;581723;/products/voda-gazirovannaya-legenda-gor-arhyz-15l;281.4;359.4;ЛЕГЕНДА ГОР АРХЫЗ
Вода Legend of Baikal лайм негазированная, 330мл x 20 шт;537469459;/products/033l-voda-legend-of-baikal-laym-bg-zhb-215856;1597.99;1998;LEGEND OF BAIKAL
Вода Набеглави минеральная лечебно-столовая природная газированная, 500мл x 12 шт;552202;/products/mineralnaya-nabeglavi-v-steklyannoj-butylke-05-l-667276;1260;1260;НАБЕГЛАВИ
Вода Святой Источник Sport негазированная, 750мл x 15 шт;440029;/products/svyatoj-istochnik-sport-negazirovannaya-pet-075-l;823.5;823.5;СВЯТОЙ ИСТОЧНИК
Вода Святой Источник негазированная, 1.5л x 6 шт;93647;/products/svyatoj-istochnik-negazirovannaya-15l;269.4;359.4;СВЯТОЙ ИСТОЧНИК
Вода Gletcher природная негазированная, 1.5л x 6 шт;217776065;/products/15l-voda-prirodnaya-pitevaya-gletcher-negaz-pet-203727;1614;1614;GLETCHER
Напиток соковый Святой Источник Лесные ягоды газированный, 1.5л х 6 шт;607441282;/products/napitok-sokovyy-svyatoy-istochnik-lesnye-yagody-gazirovannyy-15l-h-6-sht;599.4;599.4;СВЯТОЙ ИСТОЧНИК
Вода Мтаби Нагутская-26 минеральная газированная, 1.25л x 6;495457;/products/mineralnaya-mtabi-125l;419.4;419.4;МТАБИ
Вода Petroglyph минеральная природная столовая негазированная, 0.75л x 6 шт;592001492;/products/075l-min-voda-petroglyph-prirod-stol-bg-st-221278;774;774;PETROGLYPH
Вода Святой Источник со вкусом персика негазированная, 1.5л x 6 шт;492086886;/products/15l-voda-svyatoy-istochnik-so-vkusom-persika-bg-pet-214959;449.4;539.4;СВЯТОЙ ИСТОЧНИК
Вода Черноголовка газированная, 330мл;101119369;/products/033l-voda-chernogolovka-gaz-st-200160;41.9;51.9;ЧЕРНОГОЛОВКА
Вода Шишкин лес питьевая негазированная, 5л x 2 шт;581610;/products/shishkin-les-voda-pityevaya-negazirovannaya-5l;258;258;ШИШКИН ЛЕС
Вода San Benedetto газированная, 330мл x 24 шт;595562726;/products/033l-voda-san-benedetto-gaz-pet-223613;1917.59;2397.6;SAN BENEDETTO
Вода Шишкин лес питьевая негазированная 1.75л x 8 шт;630143;/products/175l-shishkin-les-b-g;455.2;455.2;ШИШКИН ЛЕС
Вода Aqua Minerale питьевая негазированная, 500мл x 12 шт;538085;/products/art-31234;658.8;658.8;AQUA MINERALE
Вода Aqua Minerale питьевая газированная, 500мл x 12 шт;537921;/products/art-31233;658.8;658.8;AQUA MINERALE
Вода Baikal Pearl негазированная, 250мл x 24 шт;530716530;/products/025l-voda-zhemchuzhina-baykala-bg-st-215219;2397.6;2397.6;BAIKAL PEARL
Вода Edis газированная, 950мл x 6 шт;321191592;/products/095l-voda-edis-gaz-st-208643;1194;1194;EDIS
Вода Бжни минеральная газированная, 1л x 12 шт;180244;/products/bzhni-1l;1428;1428;БЖНИ
Вода минеральная Сенежская питьевая газированная, 750мл x 12 шт;454872706;/products/075l-voda-senezhskaya-gaz-st-212945;1055.88;1055.88;СЕНЕЖСКАЯ
Вода Аштау минеральная газированная, 500мл x 12 шт;408121;/products/ash-tau-gazirovannaya-05-l;898.8;898.8;АШТАУ
Вода Сенежская негазированная, 3л x 6 шт;454872716;/products/3l-voda-senezhskaya-bg-pet-212947;383.4;383.4;СЕНЕЖСКАЯ
Вода Байкальская питьевая негазированная, 500мл x 12 шт;156916;/products/art-437118;598.8;598.8;БАЙКАЛЬСКАЯ
Вода Святой Источник газированная, 1.5л x 6 шт;93648;/products/svyatoj-istochnik-gazirovannaya-15l;269.4;359.4;СВЯТОЙ ИСТОЧНИК
Вода Святой Источник негазированная яблоко, 1.5л x 6 шт;642630;/products/15l-svyatoj-istochnik-pet-negaz-yabloko;449.4;539.4;СВЯТОЙ ИСТОЧНИК
Вода BonaAqua газированная, 1л x 12 шт;147349496;/products/1l-voda-bona-aqua-gaz-pet-200972;718.8;838.8;BONAAQUA
Вода Edis негазированная, 950мл x 6 шт;321191602;/products/095l-voda-edis-negaz-st-208646;1194;1194;EDIS
Вода Легенда гор Архыз негазированная, 500мл x 12 шт;403508578;/products/05l-voda-legenda-gor-arhyz-bg-pet-210561;370.8;478.8;ЛЕГЕНДА ГОР АРХЫЗ
Вода Мтаби минеральная лечебно-столовая газированная, 450мл x 12 шт;594287;/products/045-l-min-voda-mtabi-st;778.8;778.8;МТАБИ
Вода Baikal Reserve газированная, 250мл x 24 шт;530727130;/products/025l-voda-baykal-rezerv-gaz-st-215217;2397.6;2397.6;BAIKAL RESERVE
Вода Шишкин лес спорт негазированная, 650мл x 9 шт;608948;/products/065-l-shishkin-les-sport-b-g-118084;485.1;485.1;ШИШКИН ЛЕС
Вода Сенежская питьевая негазированная, 1л x 6 шт;538096;/products/art-59113;227.4;227.4;СЕНЕЖСКАЯ
Вода Aqua Minerale питьевая газированная, 2л x 6 шт;83942;/products/aqua-minerale-gazirovannaya-v-upakovke-6h2l;389.4;509.4;AQUA MINERALE
Вода Aqua Minerale питьевая газированная, 260мл x 12 шт;92573;/products/aqua-minerale-gazirovannaya-v-upakovke-12h025-l;1428;1428;AQUA MINERALE
aro Вода негазированная, 1.5л x 6 шт;93472;/products/aro-negazirovannaya-15l;173.94;173.94;ARO
Напиток Borjomi Flavored с ароматом дикой земляники и экстрактом артемизии газированный, 330мл x 12 шт;585072;/products/napitok-borjomi-flavored-water-zemdyanika-travy-bez-sahara-330-ml-111726;778.8;1018.8;BORJOMI
Вода Legend of Baikal питьевая газированная, 500мл x 9 шт;636574;/products/gazirovannaya-legend-of-baikal-steklo-05-l-125536;1116;1116;LEGEND OF BAIKAL
Вода Stelmas O2 негазированная, 1.5л x 6 шт;246521;/products/stelmas-o2-negazirovannaya-15l-310000;239.4;317.4;STELMAS
Вода Baikal Pearl негазированная, 1л x 6 шт;560231;/products/zhemchuzhina-bajkala-baikal-pearl-negazirovannaya-1l;744;744;BAIKAL PEARL
Вода Набеглави минеральная лечебно-столовая природная газированная, 1л x 6 шт;554667;/products/mineralnaya-nabeglavi-1-l;708;708;НАБЕГЛАВИ
Вода Святой Источник негазированная, 1л x 6 шт;206139;/products/svyatoj-istochnik-negazirovannaya-1-l;299.4;299.4;СВЯТОЙ ИСТОЧНИК
Вода Святой Источник негазированная клубника, 500мл x 12 шт;642790;/products/05-l-svyatoj-istochnik-pet-negaz-klubnika;682.8;682.8;СВЯТОЙ ИСТОЧНИК
Вода Святой Источник негазированная лимон, 1.5л x 6 шт;643375;/products/15l-svyatoj-istochnik-pet-negaz-limon;449.4;539.4;СВЯТОЙ ИСТОЧНИК
Вода Легенда гор Архыз негазированная, 5л x 2 шт;581817;/products/voda-gazirovannaya-legenda-gor-arhyz-5l;169.8;242;ЛЕГЕНДА ГОР АРХЫЗ
Вода Aqua Minerale Active питьевая цитрус негазированная, 500мл x 12 шт;568087;/products/aqua-minerale-citrus-pet-05-l;898.8;898.8;AQUA MINERALE
Вода Липецкая Росинка Лайт негазированная, 500мл x 12 шт;259388;/products/lipeckaya-rosinka-lajt-05-l;346.8;473.88;ЛИПЕЦКАЯ РОСИНКА
